1,https://cs.uic.edu/
2,https://cs.uic.edu/undergraduate/
3,https://cs.uic.edu/undergraduate/admitted-students/
4,https://cs.uic.edu/undergraduate/abet-accreditation/
5,https://cs.uic.edu/undergraduate/cs-major/
6,https://cs.uic.edu/undergraduate/cs-minor/
7,https://cs.uic.edu/undergraduate/undergrad-courses/
8,https://cs.uic.edu/undergraduate/internships-and-jobs/
9,https://cs.uic.edu/undergraduate/student-organizations/
10,https://cs.uic.edu/undergraduate/student-profiles/
11,https://cs.uic.edu/undergraduate/student-resources/
12,https://cs.uic.edu/undergraduate/women/
13,https://cs.uic.edu/graduate/
14,https://cs.uic.edu/graduate/admitted-students/
15,https://cs.uic.edu/graduate/admissions/
16,https://cs.uic.edu/graduate/graduate-courses/
17,https://cs.uic.edu/graduate/ms-program/
18,https://cs.uic.edu/graduate/phd/
19,https://cs.uic.edu/graduate/cs-dissertations/
20,https://cs.uic.edu/graduate/post-grad-outcomes/
21,https://cs.uic.edu/graduate/student-profiles/
22,https://cs.uic.edu/graduate/graduate-student-resources/
23,https://cs.uic.edu/cs-research/
24,https://cs.uic.edu/cs-research/research-areas-2/
25,https://cs.uic.edu/cs-research/labs/
26,https://cs.uic.edu/cs-research/lectures-seminars/
27,https://cs.uic.edu/cs-research/reus/
28,https://cs.uic.edu/faculty-staff/
29,https://cs.uic.edu/faculty-staff/department-head/
30,https://cs.uic.edu/faculty-staff/faculty/
31,https://cs.uic.edu/faculty-staff/emeritus-faculty/
32,https://cs.uic.edu/faculty-staff/adjunct-faculty/
33,https://cs.uic.edu/faculty-staff/staff/
34,https://cs.uic.edu/faculty-staff/faculty-resources/
35,https://cs.uic.edu/faculty-staff/open-positions/
36,https://cs.uic.edu/cs-news/
37,https://cs.uic.edu/cs-news/all-news/
38,https://cs.uic.edu/cs-news/press-mentions/
39,https://cs.uic.edu/cs-events/
40,https://cs.uic.edu/cs-events/calendar/
41,https://cs.uic.edu/cs-events/student-opportunities/
42,https://cs.uic.edu/graduate/admissions/financial-aid-and-funding/
43,https://cs.uic.edu/graduate/admissions/faq/
44,https://cs.uic.edu/graduate/ms-program/project/
45,https://cs.uic.edu/graduate/ms-program/thesis/
46,https://cs.uic.edu/graduate/phd/qualifier-examination/
47,https://cs.uic.edu/graduate/phd/preliminary-examination/
48,https://cs.uic.edu/graduate/phd/dissertation-process/
